ORFquery	contig	target	evalue	pvalue	n_aligned_positions	hmm_coverage
sample3_85_7	sample3_85	efam_XC_cluster_05263.1/PDB:8DGC_F-Large-Terminase	0.0	0.0	536	0.9944341372912802
sample3_185_1	sample3_185	VOG7068/PDB:2O0J_A-DNA-packaging-protein	0.0	0.0	565	0.7290322580645161
sample3_5_16	sample3_5	tmp1_clust26/Uniprot:Q9T1A7_BPA18-tail-tape-measure-protein-	0.0	0.0	1345	1.0
sample3_60_1	sample3_60	VOG4641/PFAM:PF06152.10-Minor-capsid-protein	1.9385152137818394e-306	2.94249425285647e-310	701	0.8020594965675057
sample3_98_1	sample3_98	baits_missed.292/PFAM:PF13550.5-tail-protein	4.98201086685213e-297	7.562250860431285e-301	445	0.5241460541813898
sample3_3_35	sample3_3	sipho_cluster.18/UniProtKB:I6NKY8_9CAUD-Tail-tape-measure-	4.719734689326592e-295	7.164138872687602e-299	1151	0.9982653946227233
sample3_8_13	sample3_8	VOG7059/PFAM:PF16510.4-Portal-protein	3.142022429968236e-279	4.769311520898962e-283	613	0.9967479674796748
sample3_62_2	sample3_62	cdd_cluster.19/CDD:COG5525-Large-Terminase	1.0637730765220121e-277	1.6147132309077293e-281	653	0.9954268292682927
sample3_51_3	sample3_51	microviridae_cluster.5/PDB:1M06_F-Major-Capsid-Protein	2.8611852928112753e-274	4.343025641790036e-278	427	1.0
sample3_123_1	sample3_123	VOG1419/PFAM:PF13550.5-Putative-phage-tail-protein	3.558779805385283e-260	5.401912272898123e-264	520	0.6287787182587666
sample3_249_1	sample3_249	VOG0454/PDB:5HX2_A-Baseplate-wedge-protein	6.816248847725088e-255	1.0346461517494062e-258	508	0.492725509214355
sample3_4_23	sample3_4	some_caudo_cluster.b34/UniProtKB:A0A0N8LSN6_CITFR-Tail-protein	1.55730419640049e-250	2.3638497213122192e-254	433	0.9976958525345622
sample3_222_2	sample3_222	VOG7069/PFAM:PF16510.4-Portal-protein	4.516748488525325e-248	6.856023813790718e-252	430	0.5295566502463054
sample3_80_5	sample3_80	cdd_cluster.53/CDD:PHA02531-portal-vertex-protein	5.117691095656475e-245	7.768201420243587e-249	518	0.9961538461538462
sample3_23_11	sample3_23	efam_XC_cluster_03489.1/PDB:8CK0_A-Portal-Protein	1.2324275487216848e-242	1.8707157691585988e-246	390	0.9974424552429667
sample3_30_1	sample3_30	VOG1215/PFAM:PF05709.10-tail-protein	2.3309597928572034e-241	3.5381903352416567e-245	532	0.9399293286219081
sample3_5_3	sample3_5	cdd_cluster.123/CDD:TIGR01542-Portal-protein	1.8162520954060897e-237	2.7569096773012896e-241	474	0.9957983193277311
sample3_116_3	sample3_116	cdd_cluster.45/CDD:PHA01075-Major-Capsid-protein	4.070619017808322e-232	6.178838824845662e-236	366	0.8970588235294118
sample3_5_2	sample3_5	some_caudo_cluster.a31/PDB:5OEA_B-Large-Terminase	9.616296367528859e-232	1.4596685439479143e-235	431	0.9953810623556582
sample3_5_18	sample3_5	some_caudo_cluster.g686/PDB:3GS9_A-tail-protein	4.64802360178679e-223	7.055287798704902e-227	346	1.0
sample3_212_1	sample3_212	cdd_cluster.299/CDD:pfam03354-Terminase-large-subunit	8.85033710775187e-222	1.3434027182379889e-225	453	0.9721030042918455
sample3_4_2	sample3_4	efam_XC_cluster_02583.1/PDB:6Z6D_A-Large-Terminase	3.548969387154576e-219	5.3870209276784706e-223	455	1.0
sample3_62_4	sample3_62	cdd_cluster.17/CDD:COG5511-Major-Capsid-protein	7.224616157720234e-219	1.096632689392871e-222	505	1.0
sample3_70_1	sample3_70	VOG2234/PFAM:PF02305.16-Capsid-protein	1.1150081110467395e-218	1.692483471534213e-222	527	0.9832089552238806
sample3_23_4	sample3_23	podo_cluster.10/PFAM:PF11134.7-Phage-stabilisation-protein	2.4440953157280686e-215	3.709920029945459e-219	791	0.9974779319041615
sample3_1_34	sample3_1	podo_cluster.62/PDB:3J4A_A-Head-Tail-Connector-Protein	3.3948557947820736e-215	5.153090156014076e-219	587	0.9865546218487395
sample3_3_30	sample3_3	VOG1419/PFAM:PF13550.5-Putative-phage-tail-protein	3.092638156861873e-214	4.694350572042916e-218	722	0.8730350665054414
sample3_205_2	sample3_205	VOG0833/PFAM:PF05136.12-Portal-Protein	1.9772393666205967e-211	3.001274084123553e-215	476	0.9066666666666666
sample3_442_1	sample3_442	unclassified_dsDNA_phage_cluster.306/PFAM:PF12236.7-Head-Tail-Connector-protein	4.809952432902998e-211	7.301081409992407e-215	340	0.568561872909699
sample3_91_1	sample3_91	baits_missed.213/PFAM:PF06791.12-tail-length-tape-measure-protein	7.640148833121884e-210	1.1597068659869284e-213	626	0.8025641025641026
sample3_405_1	sample3_405	VOG9586/PFAM:PF05876.11-Large-Terminase	1.1401033797599683e-205	1.730575864845125e-209	286	1.0
sample3_419_1	sample3_419	herell_cluster.189/PDB:5M9F_C-ORF68;-Putative-receptor-binding-protein	3.505824861593155e-204	5.3215313624668415e-208	353	0.5559055118110237
sample3_231_2	sample3_231	cdd_cluster.74/CDD:PHA02612-baseplate-hub-subunit	2.380496360710736e-196	3.6133824540235825e-200	370	0.9946236559139785
sample3_373_1	sample3_373	VOG7071/UniProt:tr|S0A161_9CAUD-Structural-protein-	1.7208724371560094e-195	2.6121318111050535e-199	329	0.7426636568848759
sample3_170_1	sample3_170	VOG5661/UniProt:tr|S0A3M0_9CAUD-Structural-protein-	4.074604377295591e-195	6.184888247261067e-199	514	0.969811320754717
sample3_5_19	sample3_5	some_caudo_cluster.g351/PDB:5EFV_A-Minor-structural-protein	3.72577278048873e-193	5.655392805842031e-197	341	0.9970760233918129
sample3_23_6	sample3_23	efam_XC_cluster_01202.1/PDB:7Y23_A-Major-Capsid-Protein	1.7267045651955962e-191	2.62098446447419e-195	314	1.0
sample3_374_1	sample3_374	cdd_cluster.371/CDD:pfam07068-Major-Capsid-Protein	3.550334892460445e-190	5.3890936436861643e-194	364	0.7151277013752456
sample3_466_1	sample3_466	VOG8754/UniProt:tr|S0A4M2_9CAUD-Structural-protein-	1.268066110001836e-182	1.9248119459651427e-186	325	0.6513026052104208
sample3_35_7	sample3_35	VOG4668/PFAM:PF05707.11-Zonular-occludens-toxin-(Zot)	8.96241192987895e-180	1.3604146827381526e-183	346	0.9942528735632183
sample3_118_4	sample3_118	cdd_cluster.75/CDD:PHA02613-baseplate-protein	3.566918265559707e-178	5.41426573400077e-182	361	1.0
sample3_10_12	sample3_10	VOG4856/PDB:4DIV_C-Distal-Tail-protein	6.564706108408834e-178	9.964641937475462e-182	362	0.9679144385026738
sample3_2_26	sample3_2	mcp_singleton24/PDB:5WK1_D-Major-Capsid-protein	1.0675560437022488e-173	1.6204554397423328e-177	242	1.0
sample3_264_1	sample3_264	cdd_cluster.46/CDD:PHA01076-putative-encapsidation-protein	4.048047119202465e-173	6.144576683671015e-177	278	0.7354497354497355
sample3_51_1	sample3_51	microviridae_cluster.3/PFAM:PF04687.11-Pilot-protein	1.7697357134767963e-172	2.6863019330248882e-176	330	0.9969788519637462
sample3_177_3	sample3_177	VOG1917/PDB:5WK1_D-Major-Capsid-Protein	3.7672496803960754e-172	5.718351063139155e-176	354	0.9971830985915493
sample3_71_7	sample3_71	VOG5575/UniProt:tr|A0A0D3MKV1_9CAUD-Baseplate-protein-	3.397390212979377e-168	5.156937178171489e-172	160	0.49230769230769234
sample3_66_3	sample3_66	some_caudo_cluster.b42/PFAM:PF06820.11-tail-fibre	1.7257523553097833e-167	2.6195390942771454e-171	268	0.5285996055226825
sample3_197_3	sample3_197	cdd_cluster.60/CDD:PHA02548-capsid-vertex-protein	2.3432156192936393e-166	3.556793593341893e-170	348	0.8446601941747572
sample3_118_3	sample3_118	cdd_cluster.72/CDD:PHA02605-baseplate-protein	2.94257145127569e-166	4.4665626157797366e-170	304	0.9967213114754099
sample3_71_6	sample3_71	baits_missed.162/PDB:4L9B_A-Receptor-Binding-Protein	3.7937293486740056e-163	5.758544852267768e-167	309	1.0
sample3_290_2	sample3_290	efam_XC_cluster_00711.1/PDB:5OE8_A-Large-Terminase	6.079836280780332e-160	9.228652520917322e-164	354	0.9943820224719101
sample3_10_29	sample3_10	some_caudo_cluster.c7/PDB:5A20_A-Portal-Protein	6.927437812791096e-159	1.05152365100047e-162	447	0.9254658385093167
sample3_3_48	sample3_3	some_caudo_cluster.e40/PDB:5OEA_B-Large-Terminase	4.846603712464399e-158	7.35671480337644e-162	474	0.9614604462474645
sample3_1_35	sample3_1	efam_XC_cluster_02221.1/PDB:8DGC_F-Large-Terminase	2.1251474750547592e-157	3.225785481261019e-161	470	0.9710743801652892
sample3_162_2	sample3_162	cdd_cluster.65/CDD:PHA02579-baseplate-wedge-subunit	4.857324120690601e-155	7.37298743274226e-159	310	0.3012633624878523
sample3_162_1	sample3_162	cdd_cluster.61/CDD:PHA02553-baseplate-wedge-subunit	4.8166051008788156e-151	7.3111795702471395e-155	369	0.6029411764705882
sample3_60_4	sample3_60	all_no_hit_virus1_cluster.164/PDB:3JB5_B-Major-Capsid-protein	1.7482544110534017e-148	2.6536952201782053e-152	301	0.9966887417218543
sample3_468_1	sample3_468	efam_XC_cluster_03316.1/PDB:8DGC_F-Large-Terminase	1.6673610729969514e-147	2.5309063038812255e-151	272	0.5678496868475992
sample3_45_7	sample3_45	VOG4757/PFAM:PF05707.11-Zonular-occludens-toxin-(Zot)	4.499211950674145e-147	6.829404903876966e-151	379	0.9869791666666666
sample3_4_19	sample3_4	unclassified_dsDNA_phage_cluster.49/PFAM:PF13550.5-tail-protein	2.104430491211762e-146	3.1943389362655767e-150	657	0.6123019571295434
sample3_4_5	sample3_4	some_caudo_cluster.d72/PDB:1IF0_A-Major-Capsid-Protein	1.9717156426449944e-144	2.9928895607847515e-148	417	0.9881516587677726
sample3_343_1	sample3_343	podo_cluster.14/PDB:3J4A_A-Head-Tail-Connector-Protein	7.968831927314464e-144	1.2095980460404468e-147	427	0.8164435946462715
sample3_5_4	sample3_5	some_caudo_cluster.d145/PFAM:PF06152.10-minor-capsid-protein	3.6352862791839673e-143	5.518042318129884e-147	377	0.9843342036553525
sample3_64_2	sample3_64	tmp1_clust15/Uniprot:T2PM72_GARVA-tail-tape-measure-protein-	9.141595764756478e-143	1.3876132004791254e-146	517	1.0
sample3_15_9	sample3_15	some_caudo_cluster.b13/PFAM:PF03354.14-Large-Terminase	1.3671423627965548e-142	2.0752009149917346e-146	521	0.9774859287054409
sample3_7_5	sample3_7	VOG0976/PFAM:PF03864.14-Major-Capsid-protein	1.4180602704712887e-141	2.1524897851719623e-145	339	0.9883381924198251
sample3_201_1	sample3_201	some_caudo_cluster.g141/PDB:5NGJ_A-Tail-tube-protein	1.9888364448257826e-139	3.018877420804163e-143	232	0.596401028277635
sample3_12_6	sample3_12	VOG0976/PFAM:PF03864.14-Major-Capsid-protein	5.049874642896676e-137	7.665262056613047e-141	338	0.9854227405247813
sample3_11_14	sample3_11	VOG0976/PFAM:PF03864.14-Major-Capsid-protein	6.486591090693163e-137	9.846070265168735e-141	342	0.9970845481049563
sample3_8_16	sample3_8	mcp_singleton14/PFAM:PF13252.5-Major-Capsid-protein	1.531129601920639e-136	2.3241190071655116e-140	201	1.0
sample3_180_1	sample3_180	unclassified_dsDNA_phage_cluster.74/PDB:5NGD_C-Portal-protein	6.3061538883126396e-136	9.572182586995507e-140	493	0.9610136452241715
sample3_10_26	sample3_10	VOG1319/PDB:6B23_B-Major-Capsid-Protein	1.2110138768320965e-131	1.838211713467056e-135	294	0.9932432432432432
sample3_5_6	sample3_5	some_caudo_cluster.e136/PDB:4AN5_F-Major-Capsid-protein	3.504553671684346e-131	5.3196018088711996e-135	271	0.9963235294117647
sample3_443_1	sample3_443	VOG7074/UniProt:tr|S0A1F3_9CAUD-Structural-protein-	1.9920791148744687e-127	3.0237995064882647e-131	219	0.8141263940520446
sample3_47_14	sample3_47	ino_cluster.39/PFAM:PF05707.11-Zonular-occludens-toxin-(Zot)	6.271338723532118e-127	9.519336253084576e-131	252	0.7522388059701492
sample3_49_6	sample3_49	unclassified_dsDNA_phage_cluster.74/PDB:5NGD_C-Portal-protein	8.923698805666508e-127	1.3545383736591541e-130	500	0.9746588693957114
sample3_214_3	sample3_214	cdd_cluster.66/CDD:PHA02580-baseplate-wedge-subunit	6.332425468310547e-126	9.612060516561242e-130	224	0.676737160120846
sample3_221_2	sample3_221	VOG2357/PDB:5MU4_D-Tail-tube-protein	2.2721106025454948e-125	3.448862481095165e-129	250	1.0
sample3_1_31	sample3_1	podo_cluster.74/PDB:4BML_D-Major-Capsid-Protein	1.190418035632567e-124	1.8069490522655843e-128	313	0.9936507936507937
sample3_4_3	sample3_4	efam_XC_cluster_06395.1/PDB:8CEZ_K-Portal-Protein	2.359090559277675e-123	3.5808903449873633e-127	393	0.9949367088607595
sample3_74_2	sample3_74	some_caudo_cluster.f114/PDB:6B0X_d-Major-Capsid-Protein	7.294070762876732e-121	1.1071752827681743e-124	228	1.0
sample3_3_47	sample3_3	efam_XC_cluster_02446.1/PDB:7Z4W_L-Portal-Protein	1.0003733352647805e-120	1.518478043814178e-124	384	0.9365853658536586
sample3_5_17	sample3_5	some_caudo_cluster.f123/PDB:2X8K_A-Distal-Tail-Protein	1.275670378311952e-120	1.9363545511717546e-124	267	0.9744525547445255
sample3_10_15	sample3_10	VOG4619/PDB:3GS9_A-tail-protein	3.176325492019131e-120	4.82138052826219e-124	417	0.6650717703349283
sample3_3_44	sample3_3	some_caudo_cluster.e174/PDB:4AN5_F-Major-Capsid-protein	1.0719376782148264e-118	1.6271063725179515e-122	314	0.98125
sample3_27_12	sample3_27	some_caudo_cluster.d20/PDB:2JES_G-Portal-Protein	1.1446295392458934e-118	1.7374461737187208e-122	436	0.8934426229508197
sample3_2_32	sample3_2	efam_XC_cluster_05105.1/PDB:5OE8_A-Large-Terminase	2.3065819093348394e-118	3.5011868690571333e-122	314	0.9936708860759493
sample3_86_6	sample3_86	VOG1992/UniProt:tr|F2VXE4_9CAUD-internal-head-protein-	3.936177374029426e-117	5.974768327306354e-121	192	1.0
sample3_214_2	sample3_214	cdd_cluster.67/CDD:PHA02581-baseplate-wedge-tail-fiber-connector	4.242494235538153e-115	6.439730169305028e-119	284	0.9964912280701754
sample3_120_2	sample3_120	efam_XC_cluster_02971.1/PDB:7Z4W_L-Portal-Protein	6.441359882882842e-114	9.77741330127936e-118	440	0.990990990990991
sample3_127_1	sample3_127	VOG0051/PFAM:PF05876.11-Large-Terminase	7.135002988454085e-114	1.0830302046833765e-117	295	0.47580645161290325
sample3_277_1	sample3_277	herell_cluster.27/UniProtKB:A0A0E3T9A2_9CAUD-Baseplate-hub-assembly-protein-	3.236474407690664e-113	4.912681250289411e-117	261	0.9190140845070423
sample3_230_4	sample3_230	baits_missed.213/PFAM:PF06791.12-tail-length-tape-measure-protein	4.322749438429735e-111	6.561550452989883e-115	152	0.19487179487179487
sample3_97_4	sample3_97	unclassified_dsDNA_phage_cluster.43/PDB:5IV5_GD-Baseplate-wedge-protein	5.531909848654151e-110	8.396948768448924e-114	451	0.9955849889624724
sample3_12_2	sample3_12	efam_XC_cluster_04161.1/PDB:5NGD_B-Portal-Protein	2.1911532420543293e-109	3.3259763844176217e-113	347	0.9886039886039886
sample3_11_8	sample3_11	efam_XC_cluster_19888.1/PDB:5OE8_A-Large-Terminase	1.0076446563240694e-107	1.5295152646084842e-111	387	0.9974226804123711
sample3_436_1	sample3_436	cdd_cluster.359/CDD:pfam05929-capsid-scaffolding-protein-serine-peptidase	1.2719288159243222e-107	1.9306751911419585e-111	246	0.9077490774907749
sample3_456_1	sample3_456	herell_cluster.188/UniProtKB:L0L861_9CAUD-Minor-structural-protein-	1.7863614221996728e-107	2.7115382850632554e-111	197	0.14495952906548934
sample3_4_15	sample3_4	VOG0848/PFAM:PF05100.11-minor-tail-protein-	3.9519660438356886e-107	5.998734128469473e-111	244	0.9644268774703557
sample3_135_2	sample3_135	efam_XC_cluster_19888.1/PDB:5OE8_A-Large-Terminase	1.9939894994474e-106	3.0266993009219794e-110	387	0.9974226804123711
sample3_10_28	sample3_10	some_caudo_cluster.b23/PFAM:PF06152.10-minor-capsid-protein	2.763100663128216e-106	4.194141868743498e-110	307	0.7106481481481481
sample3_15_10	sample3_15	VOG0720/PDB:2JES_G-Portal-Protein	7.196828220707845e-106	1.092414726883401e-109	447	0.5850785340314136
sample3_116_2	sample3_116	VOG0644/PDB:1IJG_K-UPPER-COLLAR-PROTEI	1.1622324361007033e-105	1.764165810717522e-109	320	0.9876543209876543
sample3_441_1	sample3_441	podo_cluster.10/PFAM:PF11134.7-Phage-stabilisation-protein	4.028066236166692e-104	6.114247474448531e-108	353	0.4451450189155107
sample3_74_3	sample3_74	VOG1329/PDB:4AN5_F-Major-Capsid-Protein	4.4245346975348924e-104	6.716051453453085e-108	262	0.7844311377245509
sample3_10_30	sample3_10	cdd_cluster.125/CDD:TIGR01547-phage-terminase,-large-subunit,-PBSX-family	2.0576901301219296e-103	3.123391211478339e-107	381	0.9670050761421319
sample3_98_2	sample3_98	VOG10920/PDB:2VFN_A-Tail-protein	3.0631150097404996e-103	4.649537051822252e-107	256	0.9660377358490566
sample3_151_2	sample3_151	VOG4605/PDB:5LY8_A-Distal-Tail-protein	4.395336821196078e-103	6.671731665446384e-107	507	0.898936170212766
sample3_61_1	sample3_61	unclassified_dsDNA_phage_cluster.49/PFAM:PF13550.5-tail-protein	6.023851343024524e-103	9.143672348246089e-107	494	0.4603914259086673
sample3_61_2	sample3_61	some_caudo_cluster.c100/PFAM:PF06805.11-tail-assembly-protein-I	8.399345923763786e-101	1.2749462543660877e-104	189	0.9043062200956937
sample3_11_9	sample3_11	efam_XC_cluster_04161.1/PDB:5NGD_B-Portal-Protein	2.946554485407632e-100	4.472608508511888e-104	347	0.9886039886039886
sample3_50_6	sample3_50	some_caudo_cluster.g115/PFAM:PF06763.10-minor-tail-protein	1.1219848942404835e-99	1.7030736099582324e-103	186	0.9893617021276596
sample3_114_1	sample3_114	some_caudo_cluster.d20/PDB:2JES_G-Portal-Protein	3.1538072531170017e-99	4.787199837761084e-103	377	0.7725409836065574
sample3_168_2	sample3_168	some_caudo_cluster.c132/PFAM:PF03354.14-Large-Terminase	5.178799169399931e-99	7.860958059198437e-103	168	0.29473684210526313
sample3_7_1	sample3_7	efam_XC_cluster_04161.1/PDB:5NGD_B-Portal-Protein	1.149362395232617e-98	1.7446302295577063e-102	293	0.8347578347578347
sample3_57_7	sample3_57	ino_cluster.1/PFAM:PF05707.11-Zonular-occludens-toxin-(Zot)	4.051450508388436e-97	6.149742726758404e-101	360	0.9137055837563451
sample3_4_4	sample3_4	some_caudo_cluster.e192/PFAM:PF04586.16-prohead-serine-protease	1.4532323154140343e-96	2.2058778315331426e-100	227	1.0
sample3_74_7	sample3_74	some_caudo_cluster.f113/CDD:cd08053-Yqbg-Putative-Head-Tail-Connector-Protein	1.64783967121006e-96	2.5012745464633574e-100	170	1.0
sample3_13_2	sample3_13	efam_XC_cluster_19888.1/PDB:5OE8_A-Large-Terminase	8.729664125668127e-96	1.325085629275672e-99	385	0.9922680412371134
sample3_296_1	sample3_296	VOG1419/PFAM:PF13550.5-Putative-phage-tail-protein	1.85821048057926e-95	2.820598786550182e-99	293	0.3542926239419589
sample3_49_4	sample3_49	VOG4722/PFAM:PF14550.5-Putative-phage-serine-protease-XkdF	3.494427137499333e-95	5.304230627655333e-99	220	1.0
sample3_11_5	sample3_11	VOG0370/PDB:5O6V_E-Envelope-protein	4.102002176181408e-94	6.226475677263826e-98	183	0.9838709677419355
sample3_415_2	sample3_415	herell_cluster.36/PFAM:PF04865.13-Baseplate-J-like-protein	6.292525024624778e-94	9.551495180061897e-98	207	0.5948275862068966
sample3_4_1	sample3_4	VOG2075/PFAM:PF05119.11-Small-Terminase	1.6519702475676927e-92	2.507544395215077e-96	152	0.9440993788819876
sample3_64_3	sample3_64	mtp1_clust19/PFAM:PF04630.11-major-tail-protein	3.169901745204757e-92	4.811629850037578e-96	158	1.0
sample3_236_4	sample3_236	some_caudo_cluster.g141/PDB:5NGJ_A-Tail-tube-protein	3.281659169216777e-92	4.9812677128366375e-96	157	0.40359897172236503
sample3_51_4	sample3_51	microviridae_cluster.8/PDB:1CD3_4-Scaffold-protein	4.376177452235825e-91	6.642649441766583e-95	146	0.9605263157894737
sample3_1_25	sample3_1	VOG2357/PDB:5MU4_D-Tail-tube-protein	1.885527579696487e-90	2.862063721457934e-94	245	0.98
sample3_276_2	sample3_276	unclassified_dsDNA_phage_cluster.293/UniProtKB:D5GVB0_9CAUD-Neck-protein-	5.948828369466111e-90	9.029794124872664e-94	205	0.6655844155844156
sample3_114_2	sample3_114	some_caudo_cluster.b5/PFAM:PF03354.14-Large-Terminase	4.4030234923631055e-89	6.683399350885102e-93	472	0.923679060665362
sample3_155_1	sample3_155	tmp1_clust7/Uniprot:A0A088F8S6_9CAUD-tail-tape-measure-protein-	5.5336464880931866e-89	8.3995848331712e-93	489	0.7320359281437125
sample3_4_8	sample3_4	some_caudo_cluster.g408/PFAM:PF04883.11-tail-component	2.5590673278407857e-87	3.8844373525209254e-91	148	1.0
sample3_27_13	sample3_27	some_caudo_cluster.b5/PFAM:PF03354.14-Large-Terminase	6.707788391207768e-87	1.01818281590889e-90	464	0.9080234833659491
sample3_311_3	sample3_311	VOG0061/PDB:5LII_P-Major-Capsid-Protein	1.700143719959413e-86	2.5806674559189636e-90	193	0.41416309012875535
sample3_10_16	sample3_10	VOG0801/PDB:2X8K_C-Distal-Tail-Protein	1.9852346983703535e-86	3.0134102889653214e-90	294	0.98989898989899
sample3_461_2	sample3_461	VOG9941/PDB:4BIJ_C-Terminase	6.905870253297633e-86	1.0482498866572e-89	175	0.6730769230769231
sample3_70_2	sample3_70	VOG2232/UniProt:tr|A0A0C5AFV1_9VIRU-Minor-capsid-protein-	1.610799012546438e-85	2.4450501101190617e-89	224	1.0
sample3_141_3	sample3_141	VOG0456/PDB:5IV5_CF-Baseplate-wedge-protein	4.5928247943861703e-85	6.971500902225516e-89	214	0.3560732113144759
sample3_4_18	sample3_4	some_caudo_cluster.c6/PFAM:PF06805.11-tail-assembly-protein-I	1.7175655966220982e-84	2.607112320312839e-88	203	1.0
sample3_10_20	sample3_10	some_caudo_cluster.g688/PDB:5A21_H-major-tail-protein	3.000484737217313e-84	4.554469850056638e-88	186	0.9346733668341709
sample3_92_4	sample3_92	some_caudo_cluster.c93/PFAM:PF16463.4-Tail-tube-protein	1.2759944565504606e-83	1.9368464732095639e-87	159	1.0
sample3_159_1	sample3_159	some_caudo_cluster.c132/PFAM:PF03354.14-Large-Terminase	3.756934243732586e-83	5.7026931447064155e-87	135	0.23684210526315788
sample3_141_2	sample3_141	cdd_cluster.69/CDD:PHA02583-baseplate-wedge-subunit-and-tail-pin	9.944572535706118e-83	1.5094979562395442e-86	217	0.9954128440366973
sample3_3_31	sample3_3	VOG1418/PFAM:PF05100.11-Minor-tail-protein	1.2697071630391957e-82	1.9273029190030294e-86	266	0.9851851851851852
sample3_69_9	sample3_69	efam_XC_cluster_02961.1/PDB:6Z6D_A-Large-Terminase	1.4196612536093997e-82	2.1549199356548264e-86	278	0.6136865342163356
sample3_202_3	sample3_202	VOG5300/PFAM:PF06763.10-minor-tail-protein-	1.4413208339079007e-82	2.187797258512296e-86	166	0.8019323671497585
sample3_353_2	sample3_353	cdd_cluster.70/CDD:PHA02585-small-terminase	5.2610375796814656e-82	7.985788675897792e-86	160	0.9937888198757764
sample3_15_20	sample3_15	mtp1_clust60/Uniprot:Q38370_9CAUD-major-tail-protein	1.8999820075387524e-81	2.884004261594949e-85	159	1.0
sample3_67_1	sample3_67	some_caudo_cluster.e21/PFAM:PF06673.10-Major-Capsid-protein	3.279871017436915e-81	4.9785534569473513e-85	197	0.49622166246851385
sample3_30_3	sample3_30	VOG1167/UniProt:tr|A0A068F8L3_9CAUD-Minor-tail-protein-	1.706011315888821e-80	2.5895739464007606e-84	316	0.558303886925795
sample3_17_6	sample3_17	VOG1215/PFAM:PF05709.10-tail-protein	8.787307931631493e-80	1.3338354480314957e-83	404	0.7137809187279152
sample3_202_2	sample3_202	VOG5316/PDB:3FZ2_G-Minor-tail-protein-	1.1218274772456495e-79	1.702834664914465e-83	165	0.9763313609467456
sample3_80_2	sample3_80	VOG0351/PFAM:PF03420.12-Prohead-core-protein-protease	3.2666150967275826e-79	4.9584321443952375e-83	213	0.9906976744186047
sample3_123_4	sample3_123	VOG1418/PFAM:PF05100.11-Minor-tail-protein	1.3899832127669197e-78	2.109871300496235e-82	209	0.774074074074074
sample3_5_5	sample3_5	some_caudo_cluster.e75/PFAM:PF06810.10-minor-structural-protein	1.667664065525817e-78	2.5313662196809606e-82	190	0.9844559585492227
sample3_49_7	sample3_49	efam_XC_cluster_19888.1/PDB:5OE8_A-Large-Terminase	4.232633364779261e-78	6.424762241620008e-82	285	0.7345360824742269
sample3_269_1	sample3_269	shth_clust2/PDB:5LI4_E-tail-sheath	4.554428571684318e-78	6.913218839836549e-82	199	0.6482084690553745
sample3_9_6	sample3_9	hc1_clust1/PDB:2KZ4_A-head-closure-knob	3.669401629933279e-77	5.569826396377169e-81	114	1.0
sample3_415_1	sample3_415	VOG0079/PDB:5IV5_GH-Baseplate-wedge-protein	4.610638006992736e-77	6.998539779891828e-81	123	0.45054945054945056
sample3_61_4	sample3_61	VOG0848/PFAM:PF05100.11-minor-tail-protein-	1.3060927379939703e-76	1.9825329963478602e-80	248	0.9802371541501976
sample3_292_3	sample3_292	some_caudo_cluster.d119/PFAM:PF04586.16-prohead-serine-protease	1.6589356536552664e-76	2.518117264200465e-80	193	0.9948453608247423
sample3_11_13	sample3_11	VOG1426/PDB:1TD4_A-Head-decoration-protein	3.705197238835542e-76	5.624160957552432e-80	125	1.0
sample3_236_2	sample3_236	some_caudo_cluster.c104/PFAM:PF04883.11-tail-component	6.690046099772031e-76	1.0154896933473028e-79	131	1.0
sample3_27_7	sample3_27	hc1_clust1/PDB:2KZ4_A-head-closure-knob	6.789658421175976e-76	1.0306099607128076e-79	114	1.0
sample3_86_2	sample3_86	VOG4617/PDB:2O0J_A-DNA-packaging-protein	1.9188189362085914e-75	2.912597049496951e-79	178	1.0
sample3_50_9	sample3_50	efam_XC_cluster_22382.1/PDB:6WKK_D-Major-Capsid-Protein	3.5511278871309346e-75	5.3902973393001436e-79	258	0.9181494661921709
sample3_437_3	sample3_437	VOG5721/PDB:4ZJN_A-Portal-protein	6.40760403374607e-75	9.726174914611521e-79	229	0.4507874015748031
sample3_39_3	sample3_39	VOG4563/UniProt:tr|Q7Y4V5_BPR69-head-outer-capsid-protein-	1.7849740364652163e-74	2.709432356504578e-78	331	0.8945945945945946
sample3_159_2	sample3_159	cdd_cluster.3/CDD:COG3728-Small-Terminase	3.0314254365154383e-74	4.601435088821248e-78	178	0.994413407821229
sample3_7_4	sample3_7	VOG1951/PDB:1TD0_D-Head-decoration-protein	2.0239837620009877e-73	3.072227932606235e-77	127	1.0
sample3_50_5	sample3_50	some_caudo_cluster.g114/PDB:3FZ2_G-Minor-tail-protein-	3.743415356786263e-73	5.682172672717461e-77	132	1.0
sample3_12_1	sample3_12	efam_XC_cluster_19888.1/PDB:5OE8_A-Large-Terminase	1.1220929855007622e-72	1.7032376829094752e-76	342	0.8814432989690721
sample3_412_2	sample3_412	tc1_clust6/PDB:2LFP_A-tail-completion-protein	3.622588156893349e-72	5.498767694130766e-76	162	0.9642857142857143
sample3_3_49	sample3_3	VOG6241/UniProt:tr|A0A0P1KL60_9CAUD-Putative-terminase,-small-subunit-	6.057445687152457e-72	9.194665584627288e-76	155	0.9935897435897436
sample3_27_9	sample3_27	some_caudo_cluster.e94/PDB:3JB5_B-Major-Capsid-protein	2.090239164800953e-71	3.1727977607786173e-75	299	0.9771241830065359
sample3_55_3	sample3_55	ne1_clust5/Uniprot:A0A0K1Y727_9CAUD-type-I-neck-protein	2.2942680757360804e-71	3.4824955612265945e-75	100	1.0
sample3_67_6	sample3_67	ne1_clust19/PFAM:PF04883.11-type-I-neck-protein	2.8884470216599467e-71	4.384406529538474e-75	124	1.0
sample3_9_4	sample3_9	some_caudo_cluster.e94/PDB:3JB5_B-Major-Capsid-protein	3.87716365498505e-71	5.885190733128491e-75	299	0.9771241830065359
sample3_391_1	sample3_391	herell_cluster.4/UniProtKB:A0A0A0RPE2_9CAUD-Tail-assembly-chaperone-	1.3260586655055387e-70	2.01283950441035e-74	195	0.5701754385964912
sample3_211_1	sample3_211	VOG1419/PFAM:PF13550.5-Putative-phage-tail-protein	1.5199023633042182e-70	2.307077054195838e-74	307	0.37122128174123337
sample3_51_2	sample3_51	microviridae_cluster.0/PDB:1GFF_2-Major-Capsid-Protein	4.242599710266583e-70	6.4398902705928704e-74	178	1.0
sample3_80_6	sample3_80	unclassified_dsDNA_phage_cluster.281/PDB:5IV5_FH-Baseplate-wedge-protein	4.705992086398341e-70	7.143278819669613e-74	184	0.9387755102040817
sample3_11_19	sample3_11	shth_clust1/PDB:3J9Q_Q-tail-sheath	5.103372730065623e-70	7.74646741054284e-74	209	0.9952380952380953
sample3_2_25	sample3_2	ad1_singleton11/PFAM:PF13262.5-head-to-tail-adaptor	8.542524995129703e-70	1.2966795681739077e-73	100	1.0
sample3_225_4	sample3_225	some_caudo_cluster.c4/PFAM:PF05100.11-minor-tail-protein-	1.7198937459962127e-69	2.6106462446815617e-73	211	0.9134199134199135
sample3_55_7	sample3_55	some_caudo_cluster.d72/PDB:1IF0_A-Major-Capsid-Protein	2.369756389277106e-69	3.5970801294430877e-73	137	0.3246445497630332
sample3_12_5	sample3_12	VOG1951/PDB:1TD0_D-Head-decoration-protein	2.6555534477667393e-69	4.03089472945771e-73	122	0.9606299212598425
sample3_4_10	sample3_4	some_caudo_cluster.c93/PFAM:PF16463.4-Tail-tube-protein	3.674050305852167e-69	5.576882674335408e-73	142	0.8930817610062893
sample3_353_3	sample3_353	VOG5779/PDB:2O0J_A-DNA-packaging-protein	8.898402271040608e-69	1.3506985839466618e-72	139	0.5604838709677419
sample3_3_45	sample3_3	VOG4611/PFAM:PF06810.10-minor-structural-protein-	1.6590330099825468e-68	2.5182650424750255e-72	231	0.9956896551724138
sample3_7_8	sample3_7	VOG1952/PFAM:PF10665.8-Minor-capsid-protein	1.9964929070249993e-68	3.030499251707649e-72	127	1.0
sample3_8_12	sample3_8	some_caudo_cluster.b3/PDB:4BIL_D-Large-Terminase	2.1789606412680613e-68	3.307469097249638e-72	472	0.9402390438247012
sample3_82_4	sample3_82	VOG4601/PFAM:PF06673.10-Major-Capsid-protein	8.409575737046238e-68	1.2764990493391375e-71	309	0.5722222222222222
sample3_206_2	sample3_206	VOG0976/PFAM:PF03864.14-Major-Capsid-protein	8.814366471564074e-68	1.337942694530066e-71	209	0.60932944606414
sample3_91_3	sample3_91	some_caudo_cluster.e157/PFAM:PF08748.10-tail-assembly-chaperone	1.2733838082877605e-67	1.932883740570371e-71	138	1.0
sample3_7_10	sample3_7	shth_clust1.cd90/PDB:3J9Q_Q-tail-sheath	4.9677501434284076e-67	7.540604346430491e-71	209	0.9952380952380953
sample3_10_31	sample3_10	some_caudo_cluster.d228/PFAM:PF03592.15-Terminase-small-subunit	1.3759968922825636e-66	2.088641305832671e-70	164	0.8677248677248677
sample3_60_7	sample3_60	some_caudo_cluster.g300/PFAM:PF10665.8-Minor-capsid-protein	3.854109428746742e-66	5.850196461364211e-70	113	0.9576271186440678
sample3_293_1	sample3_293	VOG1167/UniProt:tr|A0A068F8L3_9CAUD-Minor-tail-protein-	5.590396183264061e-65	8.4857258398058e-69	187	0.3303886925795053
sample3_2_31	sample3_2	prtl_clust4/PDB:3KDR_C-Portal-protein	8.395208772947812e-65	1.2743182715464196e-68	265	0.977859778597786
sample3_26_13	sample3_26	unclassified_dsDNA_phage_cluster.43/PDB:5IV5_GD-Baseplate-wedge-protein	9.890273603320291e-65	1.501255859641817e-68	451	0.9955849889624724
sample3_116_1	sample3_116	ad1_clust19/Uniprot:A0A068YG81_BPCP7-head-to-tail-adaptor	1.0330707051969589e-64	1.5681097528794156e-68	172	1.0
sample3_5_12	sample3_5	some_caudo_cluster.f92/PFAM:PF08813.10-tail-tube-protein	2.437554002697474e-64	3.699990896626403e-68	148	0.9801324503311258
sample3_24_1	sample3_24	some_caudo_cluster.b42/PFAM:PF06820.11-tail-fibre	3.138113300684881e-64	4.763377809175593e-68	210	0.41420118343195267
sample3_12_9	sample3_12	VOG1952/PFAM:PF10665.8-Minor-capsid-protein	5.768372868548831e-64	8.75587867114273e-68	124	0.9763779527559056
sample3_12_11	sample3_12	shth_clust1.cd90/PDB:3J9Q_Q-tail-sheath	6.662748253173111e-64	1.0113461222181406e-67	201	0.9571428571428572
sample3_181_1	sample3_181	tmp1_clust4/Uniprot:A0A0A0RMC0_9CAUD-tail-tape-measure-protein-	1.3348112956098312e-63	2.0261252210228162e-67	241	0.9601593625498008
sample3_80_3	sample3_80	VOG0464/UniProt:tr|A0A0B6VSS8_9CAUD-Prohead-core-protein	5.150915919671584e-63	7.818633757850006e-67	140	0.9929078014184397
sample3_311_1	sample3_311	ad1_clust2/CDD:cd08051-head-to-tail-adaptor	1.9539496696865975e-62	2.965922388716754e-66	133	0.6214953271028038
sample3_224_2	sample3_224	shth_clust1/PDB:3J9Q_Q-tail-sheath	2.9538003124158197e-62	4.483607031596569e-66	209	0.9952380952380953
sample3_4_14	sample3_4	some_caudo_cluster.c84/PFAM:PF05939.12-minor-tail-protein	4.893528805242392e-62	7.427942934490577e-66	112	1.0
sample3_5_11	sample3_5	VOG6548/PFAM:PF12691.6-Minor-capsid-protein	5.386199955118846e-62	8.175774066664915e-66	132	1.0
sample3_197_1	sample3_197	cdd_cluster.59/CDD:PHA02541-Major-Capsid-protein	1.3321275465271944e-61	2.0220515278190564e-65	111	0.21428571428571427
sample3_236_3	sample3_236	tc1_clust5/PFAM:PF13554.5-tail-completion-protein	1.6094383223968848e-61	2.4429847030918104e-65	108	1.0
sample3_420_1	sample3_420	VOG0079/PDB:5IV5_GH-Baseplate-wedge-protein	1.924049700772105e-61	2.920536886417889e-65	150	0.5494505494505495
sample3_115_4	sample3_115	cdd_cluster.369/CDD:pfam06714-Baseplate	3.5126705694808306e-61	5.331922540195553e-65	144	1.0
sample3_12_17	sample3_12	tmp1_clust14/Uniprot:K8AAU2_9ENTR-tail-tape-measure-protein-	5.7369504706240146e-61	8.708182256563471e-65	314	0.8746518105849582
sample3_45_6	sample3_45	cdd_cluster.47/CDD:PHA01081-putative-minor-coat-protein	5.935200306641748e-61	9.009107933578852e-65	104	1.0
sample3_307_2	sample3_307	unclassified_dsDNA_phage_cluster.43/PDB:5IV5_GD-Baseplate-wedge-protein	1.3192009026136407e-60	2.0024300282538566e-64	343	0.7571743929359823
sample3_5_20	sample3_5	VOG4612/PDB:4DIV_C-Distal-Tail-protein	1.4585714244548638e-60	2.2139821257663388e-64	304	0.6166328600405679
sample3_7_22	sample3_7	unclassified_dsDNA_phage_cluster.43/PDB:5IV5_GD-Baseplate-wedge-protein	1.779187534682292e-60	2.7006489597484697e-64	448	0.9889624724061811
sample3_236_1	sample3_236	some_caudo_cluster.g591/PFAM:PF10665.8-Minor-capsid-protein	2.926444911961271e-60	4.4420839586540244e-64	104	0.8739495798319328
sample3_3_41	sample3_3	VOG1527/CDD:cd08053-Head-Tail-Connector-Protein	2.1513167331201763e-59	3.2655080952036675e-63	168	0.9940828402366864
sample3_245_3	sample3_245	VOG4697/PDB:5IV5_W-Baseplate-wedge-protein	3.2748586458311735e-59	4.970945121176645e-63	128	0.7231638418079096
sample3_10_13	sample3_10	some_caudo_cluster.f63/PDB:3GS9_A-tail-protein	5.822893969385215e-59	8.838636869133598e-63	254	0.4240400667779633
sample3_27_6	sample3_27	ne1_clust4/PFAM:PF04883.11-type-I-neck-protein	9.652027126212431e-59	1.4650921563771147e-62	90	1.0
sample3_12_23	sample3_12	unclassified_dsDNA_phage_cluster.43/PDB:5IV5_GD-Baseplate-wedge-protein	4.597033443021033e-58	6.977889257773275e-62	450	0.9933774834437086
sample3_46_7	sample3_46	VOG5573/UniProt:tr|A0A059PB40_9CAUD-Putative-terminase-small-subunit-	5.7639261807509264e-58	8.749128993246701e-62	108	1.0
sample3_319_1	sample3_319	unclassified_dsDNA_phage_cluster.43/PDB:5IV5_GD-Baseplate-wedge-protein	6.6487004381115e-58	1.009213788420082e-61	392	0.8653421633554084
sample3_61_5	sample3_61	some_caudo_cluster.g31/PFAM:PF05939.12-minor-tail-protein	4.146793441412827e-57	6.294464847317588e-61	109	1.0
sample3_293_2	sample3_293	VOG1168/UniProt:tr|A0A0F6YQK4_9CAUD-Minor-tail-protein-	7.06342890678785e-57	1.0721658935622115e-60	117	0.9915254237288136
sample3_164_1	sample3_164	VOG1887/PDB:3BQW_A-capsid-protein	7.677124893641605e-57	1.1653195041957507e-60	178	0.5159420289855072
sample3_9_7	sample3_9	ne1_clust4/PFAM:PF04883.11-type-I-neck-protein	9.639720062902106e-57	1.463224053263829e-60	88	0.9777777777777777
sample3_64_5	sample3_64	VOG5574/UniProt:tr|I6PC96_9CAUD-Structural-protein-	1.041688822266711e-56	1.5811912906294945e-60	105	1.0
sample3_287_3	sample3_287	VOG4563/UniProt:tr|Q7Y4V5_BPR69-head-outer-capsid-protein-	1.536150927974602e-55	2.331740934994842e-59	174	0.4702702702702703
sample3_23_10	sample3_23	efam_XC_cluster_02617.1/PFAM:PF05396.11-Major-Capsid-Protein	4.691628861403541e-55	7.121476717370281e-59	108	0.9818181818181818
sample3_82_1	sample3_82	some_caudo_cluster.c3/PFAM:PF03354.14-Large-Terminase	9.611271666499547e-55	1.458905838873641e-58	313	0.5520282186948854
sample3_462_1	sample3_462	efam_XC_cluster_08719.1/PDB:7Y3T_A-Major-Capsid-Protein	2.6945801507013353e-54	4.090133804950418e-58	207	0.7472924187725631
sample3_10_17	sample3_10	tmp1_clust28/Uniprot:A0A0K2G452_BACCS-tail-tape-measure-protein-	5.829845854097121e-54	8.849189213869339e-58	286	0.55
sample3_189_1	sample3_189	VOG0976/PFAM:PF03864.14-Major-Capsid-protein	1.6588484172775735e-53	2.5179848471122852e-57	162	0.47230320699708456
sample3_57_3	sample3_57	ino_cluster.120/PDB:2IFO_A-Filamenous-Major-Coat-protein	2.0472394683395704e-53	3.107528033302323e-57	79	1.0
sample3_9_8	sample3_9	tc1_clust46/PDB:5A21_G-tail-completion-protein	4.387762611332214e-53	6.660234686296621e-57	71	1.0
sample3_457_2	sample3_457	some_caudo_cluster.e147/PFAM:PF05069.12-Virion-morphogenesis-family	8.111331927234085e-53	1.2312282828224173e-56	148	0.9801324503311258
sample3_243_2	sample3_243	sipho_cluster.18/UniProtKB:I6NKY8_9CAUD-Tail-tape-measure-	1.0099510241349314e-52	1.5330161264950385e-56	214	0.18560277536860365
sample3_144_1	sample3_144	shth_clust10.cd90/PFAM:PF11863.7-tail-sheath	2.042272447002771e-52	3.0999885352197496e-56	152	0.33406593406593404
sample3_401_2	sample3_401	mtp1_clust2/PFAM:PF09393.9-major-tail-protein	2.2733810540115053e-52	3.450790913800099e-56	102	0.9902912621359223
sample3_1_28	sample3_1	podo_cluster.106/PFAM:PF11134.7-Phage-stabilisation-protein	2.830302949840115e-52	4.296148982756702e-56	435	0.7274247491638796
sample3_112_2	sample3_112	tmp1_clust14/Uniprot:K8AAU2_9ENTR-tail-tape-measure-protein-	3.911249237399131e-52	5.936929625681741e-56	122	0.3398328690807799
sample3_7_2	sample3_7	VOG4722/PFAM:PF14550.5-Putative-phage-serine-protease-XkdF	5.079688032997271e-52	7.7105161399472845e-56	152	0.6909090909090909
sample3_57_6	sample3_57	ino_cluster.56/PFAM:PF10734.8-Minor-Head-Virion-Protein	1.1283045434028846e-51	1.712666277174992e-55	105	1.0
sample3_7_7	sample3_7	VOG1353/PFAM:PF05069.12-Virion-morphogenesis-family	1.3027409134452469e-51	1.9774452238088142e-55	153	0.9622641509433962
sample3_7_16	sample3_7	tmp1_clust14/Uniprot:K8AAU2_9ENTR-tail-tape-measure-protein-	1.3334101915423006e-51	2.023998469250608e-55	353	0.9832869080779945
sample3_7_24	sample3_7	baits_missed.370/UniProtKB:Q859E1_9CAUD-tail-fiber-protein	1.983106836516481e-51	3.0101803832976337e-55	616	0.9418960244648318
sample3_327_3	sample3_327	VOG5299/PDB:2KX4_A-Tail-attachment-protein	3.25857674266003e-51	4.9462306354888124e-55	115	0.9913793103448276
sample3_281_2	sample3_281	some_caudo_cluster.d112/PFAM:PF04985.13-tail-tube-protein	3.27564062398369e-51	4.972132094692911e-55	144	0.8520710059171598
sample3_215_1	sample3_215	VOG7071/UniProt:tr|S0A161_9CAUD-Structural-protein-	3.5118414258698415e-50	5.330663973694355e-54	88	0.1986455981941309
sample3_327_1	sample3_327	VOG1887/PDB:3BQW_A-capsid-protein	1.335875529830168e-49	2.0277406342291561e-53	166	0.4811594202898551
sample3_23_5	sample3_23	VOG4592/PDB:3J4B_E-Tail-tube-protein	1.4036535966354634e-49	2.1306217313835207e-53	182	0.900990099009901
sample3_115_1	sample3_115	VOG4695/PDB:5IV5_A-Baseplate-wedge-protein	2.7790276090010755e-49	4.218317560718087e-53	111	0.16395864106351551
sample3_412_1	sample3_412	VOG1353/PFAM:PF05069.12-Virion-morphogenesis-family	3.801202942910291e-49	5.769889105814042e-53	139	0.8742138364779874
sample3_17_7	sample3_17	some_caudo_cluster.c59/UniprotKB:A0A0M4S373_9CAUD-Minor-tail-protein-	2.1592533319784038e-48	3.2775551487225314e-52	198	0.5609065155807366
sample3_185_2	sample3_185	VOG7069/PFAM:PF16510.4-Portal-protein	2.1742591070418107e-48	3.3003325850665007e-52	83	0.1022167487684729
sample3_55_2	sample3_55	VOG4621/PDB:5A21_G-tail-completion-protein	2.9983039294478585e-48	4.551159577182542e-52	137	0.9785714285714285
sample3_172_1	sample3_172	VOG6081/UniProt:tr|A0A0N7CEC6_9VIRU-Terminase-subunit-	3.15799473791539e-48	4.793556068481163e-52	83	1.0
sample3_12_25	sample3_12	baits_missed.370/UniProtKB:Q859E1_9CAUD-tail-fiber-protein	3.324554508194197e-48	5.046379034903153e-52	652	0.9969418960244648
sample3_168_1	sample3_168	some_caudo_cluster.c132/PFAM:PF03354.14-Large-Terminase	3.790070620394995e-48	5.7529912270719415e-52	105	0.18421052631578946
sample3_12_3	sample3_12	VOG4722/PFAM:PF14550.5-Putative-phage-serine-protease-XkdF	1.1590176508116537e-47	1.7592860516266753e-51	142	0.6454545454545455
sample3_27_5	sample3_27	tc1_clust46/PDB:5A21_G-tail-completion-protein	1.1614792842599518e-47	1.7630225929871764e-51	71	1.0
sample3_50_2	sample3_50	VOG0843/PFAM:PF06223.11-Minor-tail-protein-	1.4946114320386207e-47	2.2686876624751375e-51	104	0.9203539823008849
sample3_15_17	sample3_15	VOG4578/PFAM:PF10665.8-Minor-capsid-protein	3.625295944113924e-47	5.502877875097031e-51	117	0.9590163934426229
sample3_49_1	sample3_49	unclassified_dsDNA_phage_cluster.76/PFAM:PF03864.14-Major-Capsid-protein	7.728350158758508e-47	1.173095045348893e-50	125	0.37202380952380953
sample3_50_7	sample3_50	hc1_clust21/PDB:2KX4_A-head-closure-knob	2.7935279434330312e-46	4.240327782988815e-50	76	1.0
sample3_3_40	sample3_3	hc1_clust10/-head-closure-knob	3.806849858800864e-46	5.778460623559296e-50	109	0.990909090909091
sample3_5_9	sample3_5	VOG0696/PFAM:PF10665.8-Minor-capsid-protein	6.643699699210419e-46	1.0084547205844595e-49	112	0.9911504424778761
sample3_416_3	sample3_416	baits_missed.48/PFAM:PF04233.13-Minor-capsid-component	7.728865230476396e-46	1.1731732286697626e-49	153	0.6
sample3_64_6	sample3_64	VOG5566/UniProt:tr|A0A059PAS5_9CAUD-Tail-protein	8.450893714727063e-46	1.2827707520836465e-49	93	0.9789473684210527
sample3_92_1	sample3_92	some_caudo_cluster.e241/PFAM:PF06120.10-Tail-length-tape-measure-protein	2.844103271140105e-45	4.317096647146486e-49	308	0.402088772845953
sample3_3_39	sample3_3	tc1_clust7/PDB:2L25_A-tail-completion-protein	4.901003366054883e-45	7.439288655213848e-49	115	1.0
sample3_12_8	sample3_12	VOG1353/PFAM:PF05069.12-Virion-morphogenesis-family	4.2854891221198524e-44	6.504992595810341e-48	152	0.9559748427672956
sample3_5_8	sample3_5	VOG0695/CDD:cd08053-Head-Tail-Connector-Protein	1.494760535843134e-43	2.2689139888329296e-47	128	0.9922480620155039
sample3_70_3	sample3_70	VOG2235/PFAM:PF09675.9-capsid-scaffold	2.502844189059661e-43	3.7990956118088356e-47	143	0.9533333333333334
sample3_17_2	sample3_17	some_caudo_cluster.d199/PFAM:PF05709.10-tail-protein	3.634784002778917e-43	5.517279907071823e-47	165	0.5205047318611987
sample3_164_2	sample3_164	VOG3434/PDB:1TCZ_D-Head-decoration-protein	6.259399310000776e-43	9.501213281725526e-47	137	1.0
sample3_55_5	sample3_55	ad1_clust10/PDB:5A21_D-head-to-tail-adaptor	1.919839725758805e-42	2.9141465175452414e-46	56	0.9824561403508771
sample3_306_3	sample3_306	VOG1160/UniProt:tr|A0A0A0RU63_9CAUD-Head-Tail-Connector-Protein	5.423074680767906e-42	8.231746631402407e-46	89	0.6312056737588653
sample3_298_1	sample3_298	some_caudo_cluster.c91/PFAM:PF04860.11-Portal-protein	1.1024150187036234e-41	1.673368273684917e-45	216	0.494279176201373
sample3_11_17	sample3_11	VOG1428/PFAM:PF10665.8-Minor-capsid-protein	2.5716257062711583e-41	3.903499857727927e-45	126	0.9473684210526315
sample3_73_2	sample3_73	VOG1981/PDB:5VF3_S-Capsid-vertex-protein	3.763328523844764e-41	5.712399095089198e-45	78	0.975
sample3_18_15	sample3_18	VOG4578/PFAM:PF10665.8-Minor-capsid-protein	5.345779565124409e-41	8.114419497760183e-45	121	0.9918032786885246
sample3_10_23	sample3_10	VOG1320/PDB:5A21_F-head-closure-knob	1.2179528016159233e-40	1.8487443861808188e-44	96	1.0
sample3_55_9	sample3_55	cdd_cluster.326/CDD:pfam04860-Portal-protein	1.8126008307664998e-40	2.751367381248482e-44	152	0.46060606060606063
sample3_231_3	sample3_231	VOG0475/PFAM:PF11110.7-Baseplate-hub-distal-subunit	4.1933217241001176e-40	6.365090655889674e-44	91	0.5141242937853108
sample3_4_13	sample3_4	some_caudo_cluster.e241/PFAM:PF06120.10-Tail-length-tape-measure-protein	5.113633984277087e-40	7.762043084816465e-44	307	0.4007832898172324
sample3_9_32	sample3_9	VOG4578/PFAM:PF10665.8-Minor-capsid-protein	6.959911208663534e-40	1.056452824630166e-43	118	0.9672131147540983
sample3_10_24	sample3_10	VOG4713/CDD:cd08055-gp15;-Head-Tail-Connector-Protein	5.020728609728081e-39	7.62102096194305e-43	110	0.990990990990991
sample3_11_16	sample3_11	VOG1353/PFAM:PF05069.12-Virion-morphogenesis-family	6.439678275077426e-39	9.774860769698581e-43	155	0.9748427672955975
sample3_35_6	sample3_35	cdd_cluster.28/CDD:PHA00094-minor-coat-protein	1.0618486910031677e-38	1.6117921842792467e-42	99	0.8839285714285714
sample3_15_18	sample3_15	ne1_clust1/PFAM:PF17395.1-type-I-neck-protein	1.0678877991686096e-38	1.6209590151314657e-42	89	1.0
sample3_5_10	sample3_5	VOG0697/PFAM:PF11114.7-Minor-capsid-protein	1.286546494844684e-38	1.9528635319439648e-42	114	1.0
sample3_55_4	sample3_55	VOG2018/PFAM:PF10665.8-Minor-capsid-protein	4.5633276005532727e-38	6.926726776796103e-42	114	1.0
sample3_292_2	sample3_292	cdd_cluster.119/CDD:TIGR01537-Portal-protein	9.56689212500544e-38	1.4521694178818213e-41	128	0.37317784256559766
sample3_15_19	sample3_15	tc1_clust1/PDB:5A21_G-tail-completion-protein	1.0783264859947288e-37	1.6368040163854415e-41	66	0.9850746268656716
sample3_205_1	sample3_205	VOG0832/PDB:2L6Q_A-Head-Tail-Connector-Protein	2.6209023039508365e-37	3.9782973648312634e-41	74	1.0
sample3_33_10	sample3_33	cdd_cluster.62/CDD:PHA02564-virion-protein	2.9154759812229684e-37	4.425434094145368e-41	121	0.8581560283687943
sample3_231_1	sample3_231	cdd_cluster.73/CDD:PHA02611-baseplate-assembly-protein	2.998514755532027e-37	4.551479592489416e-41	75	0.30120481927710846
sample3_257_2	sample3_257	VOG4581/PFAM:PF05119.11-Small-Terminase	5.650835952493209e-37	8.577468051750469e-41	153	0.9683544303797469
sample3_105_1	sample3_105	some_caudo_cluster.g100/PFAM:PF10145.8-minor-tail-protein	2.8631762125408466e-35	4.3460476814524085e-39	307	0.45752608047690013
sample3_144_3	sample3_144	VOG1428/PFAM:PF10665.8-Minor-capsid-protein	9.5350142974863e-35	1.4473306462486794e-38	128	0.9624060150375939
sample3_208_3	sample3_208	VOG1353/PFAM:PF05069.12-Virion-morphogenesis-family	1.3704991206523449e-34	2.0802961758535897e-38	150	0.9433962264150944
sample3_290_1	sample3_290	VOG1517/PDB:3P9A_H-Terminase-small-subunit	1.7331864245557154e-34	2.6308233523917963e-38	107	0.6045197740112994
sample3_67_3	sample3_67	cdd_cluster.129/CDD:TIGR01560-uncharacterized-phage-protein-(possible-DNA-packaging)	2.1938800359047233e-34	3.3301154157630896e-38	89	0.978021978021978
sample3_2_21	sample3_2	shth_clust6/PDB:5LI4_E-tail-sheath	5.926580480684189e-34	8.996023801888569e-38	182	0.9891304347826086
sample3_4_6	sample3_4	cdd_cluster.144/CDD:cd08051-Head-Tail-Connector-Protein	4.9112364270440044e-33	7.454821534675174e-37	93	0.9893617021276596
sample3_57_4	sample3_57	ino_cluster.46/PDB:2IFO_A-Filamentous-Major-Coat-protein	7.098434824854171e-33	1.0774794816111371e-36	69	1.0
sample3_189_4	sample3_189	VOG1428/PFAM:PF10665.8-Minor-capsid-protein	7.306155212465992e-33	1.1090095950919841e-36	127	0.9548872180451128
sample3_256_2	sample3_256	tmp1_clust9/Uniprot:K8AAU2_9ENTR-tail-tape-measure-protein-	7.510059532962259e-33	1.1399604634126077e-36	210	0.7954545454545454
sample3_389_3	sample3_389	podo_cluster.58/UniProtKB:A0A0F6NYF2_9CAUD-Small-terminase-subunit-	1.0676546249286169e-32	1.6206050773051258e-36	80	0.7619047619047619
sample3_69_6	sample3_69	VOG4581/PFAM:PF05119.11-Small-Terminase	1.453664002454677e-32	2.2065330941934986e-36	152	0.9620253164556962
sample3_62_3	sample3_62	ad1_clust23/PDB:2L6Q_A-head-to-tail-adaptor	1.687650824292492e-32	2.5617043477420947e-36	49	0.9607843137254902
sample3_73_6	sample3_73	VOG0398/PFAM:PF07068.10-Major-Capsid-Protein	2.249395758206176e-32	3.414383360968695e-36	54	0.9818181818181818
sample3_15_13	sample3_15	efam_XC_cluster_18189.1/PDB:8EC2_A-Major-Capsid-Protein	5.647209006514774e-32	8.57196266926954e-36	260	0.9187279151943463
sample3_73_7	sample3_73	VOG2443/UniProt:tr|L7TJ42_9CAUD-Minor-capsid-protein-	2.614538507335462e-31	3.9686376856943865e-35	62	0.9538461538461539
sample3_4_7	sample3_4	cdd_cluster.22/CDD:COG5614-Head-Tail-Connector-protein	2.9227270422779405e-31	4.43644056204909e-35	107	0.981651376146789
sample3_11_23	sample3_11	tmp1_clust14/Uniprot:K8AAU2_9ENTR-tail-tape-measure-protein-	3.377553400054018e-31	5.12682665460537e-35	235	0.6545961002785515
sample3_2_12	sample3_2	unclassified_dsDNA_phage_cluster.43/PDB:5IV5_GD-Baseplate-wedge-protein	5.120140855927983e-31	7.771919939174231e-35	158	0.3487858719646799
sample3_60_6	sample3_60	ad1_clust3/PFAM:PF09355.9-head-to-tail-adaptor	7.879495562665583e-30	1.1960375778180909e-33	69	0.9857142857142858
sample3_189_3	sample3_189	VOG1353/PFAM:PF05069.12-Virion-morphogenesis-family	3.698196609370961e-29	5.613534622603158e-33	153	0.9622641509433962
sample3_5_1	sample3_5	cdd_cluster.3/CDD:COG3728-Small-Terminase	3.988706525233596e-29	6.0545029223339346e-33	123	0.6871508379888268
sample3_47_1	sample3_47	VOG0346/PFAM:PF05707.11-Zonular-occludens-toxin-(Zot)	4.441023186453567e-29	6.741079517992664e-33	72	0.21364985163204747
sample3_26_9	sample3_26	some_caudo_cluster.f239/PDB:4A0U_B-Tail-fiber	2.04074280765443e-28	3.0976666782854125e-32	145	0.27884615384615385
sample3_9_5	sample3_9	ad1_clust3/PFAM:PF09355.9-head-to-tail-adaptor	6.787805178060139e-28	1.0303286548360866e-31	68	0.9714285714285714
sample3_278_1	sample3_278	shth_clust10/PFAM:PF11863.7-tail-sheath	3.248101662245633e-27	4.930330391993978e-31	61	0.13406593406593406
sample3_340_1	sample3_340	tmp1_clust7/Uniprot:A0A088F8S6_9CAUD-tail-tape-measure-protein-	3.990355946853486e-27	6.05700659813826e-31	174	0.26047904191616766
sample3_45_4	sample3_45	VOG0015/UniProt:tr|Q8W6E1_9VIRU-Major-capsid-protein-	1.0270478188177957e-26	1.5589675452607707e-30	44	0.5945945945945946
sample3_10_22	sample3_10	ne1_clust79/PFAM:PF04883.11-type-I-neck-protein	1.5045526708686396e-26	2.2837775817678195e-30	76	0.9743589743589743
sample3_46_8	sample3_46	some_caudo_cluster.c3/PFAM:PF03354.14-Large-Terminase	4.254960863186258e-26	6.45865340495789e-30	184	0.32451499118165783
sample3_27_8	sample3_27	ad1_clust3/PFAM:PF09355.9-head-to-tail-adaptor	4.486077285181075e-26	6.809467645994346e-30	68	0.9714285714285714
sample3_34_1	sample3_34	VOG4554/UniProt:tr|R4JHS9_9CAUD-Putative-structural-protein-	2.299396358529036e-25	3.490279839904426e-29	195	0.5025773195876289
sample3_15_23	sample3_15	sipho_cluster.1/UniProtKB:A0A0R1V141_9LACO-Minor-tail-protein-	6.303465709107875e-25	9.568102169259069e-29	495	0.40145985401459855
sample3_376_2	sample3_376	some_caudo_cluster.g52/PFAM:PF02413.16-tail-fibre-assembly-protein	9.10321581917802e-25	1.3817874649632695e-28	174	0.9775280898876404
sample3_92_6	sample3_92	some_caudo_cluster.g408/PFAM:PF04883.11-tail-component	2.6994948688069454e-24	4.097593911364519e-28	46	0.3108108108108108
sample3_67_7	sample3_67	VOG0704/PFAM:PF05657.10-tail-component	2.7219324656072567e-24	4.131652194303668e-28	113	0.9658119658119658
sample3_257_1	sample3_257	some_caudo_cluster.c3/PFAM:PF03354.14-Large-Terminase	9.090240742051665e-24	1.3798179632743875e-27	87	0.15343915343915343
sample3_30_4	sample3_30	VOG4554/UniProt:tr|R4JHS9_9CAUD-Putative-structural-protein-	3.006657958729158e-23	4.563840253080082e-27	167	0.43041237113402064
sample3_12_27	sample3_12	VOG10909/PDB:2FKK_A-Baseplate-protein-	3.2067558987008394e-23	4.867571188070491e-27	116	0.32222222222222224
sample3_5_57	sample3_5	cdd_cluster.19/CDD:COG5525-Large-Terminase	5.626878312904854e-23	8.541102478604819e-27	124	0.18902439024390244
sample3_141_1	sample3_141	myo_cluster.3/PDB:5NXF_C-Long-tail-fiber	7.127657183339276e-23	1.0819151765845896e-26	144	0.12371134020618557
sample3_306_2	sample3_306	baits_missed.44/UniProtKB:F8S0S2_9CAUD-tail-protein-	2.6598445784978287e-22	4.0374082855158295e-26	167	0.8743455497382199
sample3_27_11	sample3_27	some_caudo_cluster.e33/PFAM:PF06152.10-minor-capsid-protein	3.8020302428404705e-22	5.771144873771206e-26	110	0.23605150214592274
sample3_336_2	sample3_336	mtp1_clust4/PDB:3UTO_B-major-tail-protein	4.0960052920092217e-22	6.217372938690379e-26	81	1.0
sample3_9_2	sample3_9	some_caudo_cluster.e33/PFAM:PF06152.10-minor-capsid-protein	5.210978567861034e-22	7.909803533486695e-26	110	0.23605150214592274
sample3_108_6	sample3_108	efam_XC_cluster_19888.1/PDB:5OE8_A-Large-Terminase	5.712604769860475e-22	8.67122764095397e-26	97	0.25
sample3_180_2	sample3_180	VOG4722/PFAM:PF14550.5-Putative-phage-serine-protease-XkdF	1.1666428446502885e-21	1.7708604199306141e-25	89	0.40454545454545454
sample3_2_29	sample3_2	baits_missed.48/PFAM:PF04233.13-Minor-capsid-component	3.1505284612250986e-20	4.7822229223210364e-24	221	0.8666666666666667
sample3_135_1	sample3_135	VOG9594/PDB:5NGD_C-Portal-protein	4.4888977830380397e-20	6.8137489117153e-24	70	0.39325842696629215
sample3_4_9	sample3_4	VOG0704/PFAM:PF05657.10-tail-component	4.784809836514668e-20	7.262917177466102e-24	111	0.9487179487179487
sample3_144_4	sample3_144	VOG1353/PFAM:PF05069.12-Virion-morphogenesis-family	5.515112486038284e-20	8.371451861017432e-24	108	0.6792452830188679
sample3_34_2	sample3_34	VOG4554/UniProt:tr|R4JHS9_9CAUD-Putative-structural-protein-	6.945873548188913e-20	1.0543220322083961e-23	300	0.7731958762886598
sample3_443_2	sample3_443	baits_missed.109/UniProtKB:S0A4L9_9CAUD-Structural-protein-	1.0810351343961475e-19	1.6409155045478863e-23	117	0.1019163763066202
sample3_9_1	sample3_9	some_caudo_cluster.d20/PDB:2JES_G-Portal-Protein	6.319120413050865e-19	9.591864622117282e-23	83	0.17008196721311475
sample3_27_1	sample3_27	tmp1_clust4/Uniprot:A0A0A0RMC0_9CAUD-tail-tape-measure-protein-	9.00673897158731e-19	1.3671431347278854e-22	109	0.4342629482071713
sample3_50_3	sample3_50	some_caudo_cluster.g545/PFAM:PF06894.10-tail-assembly-chaperone	1.3770682406562704e-18	2.0902675176931852e-22	121	0.852112676056338
sample3_9_12	sample3_9	tmp1_clust4/Uniprot:A0A0A0RMC0_9CAUD-tail-tape-measure-protein-	1.8407110816304365e-18	2.794036250197991e-22	113	0.450199203187251
sample3_467_2	sample3_467	ackermann_cluster.1/PDB:4OJL_C-Tailspike-protein	6.3646090551510426e-18	9.660912348438133e-22	95	0.18026565464895636
sample3_30_5	sample3_30	all_no_hit_virus1_cluster.320/UniProtKB:A0A0F6YRV7_9CAUD-Minor-tail-protein-	1.214118796998361e-17	1.8429247070406207e-21	123	0.26973684210526316
sample3_85_6	sample3_85	VOG0041/PFAM:PF11123.7-DNA-packaging-protein	2.3726594999162466e-17	3.60148679404409e-21	65	0.6372549019607843
sample3_3_36	sample3_3	ne1_singleton44/PFAM:PF05069.12-type-I-neck-protein	2.560609977042765e-17	3.8867789572598134e-21	49	0.7777777777777778
sample3_87_1	sample3_87	VOG0166/PDB:5TC1_M-Capsid-protein	3.886363911206579e-17	5.899155906506647e-21	162	0.39901477832512317
sample3_7_26	sample3_7	VOG10909/PDB:2FKK_A-Baseplate-protein-	4.3721261101230786e-17	6.636499863574801e-21	98	0.2722222222222222
sample3_13_1	sample3_13	VOG9594/PDB:5NGD_C-Portal-protein	1.5561352318749088e-16	2.3620753367864435e-20	63	0.3539325842696629
sample3_15_5	sample3_15	VOG0848/PFAM:PF05100.11-minor-tail-protein-	2.066505289860531e-16	3.1367718425326824e-20	208	0.8221343873517787
sample3_67_5	sample3_67	VOG4589/PDB:2KZ4_A-Head-tail-adaptor	4.76455989246648e-16	7.23217955747796e-20	79	0.6583333333333333
sample3_383_1	sample3_383	VOG1418/PFAM:PF05100.11-Minor-tail-protein	7.756295149207092e-16	1.1773368471777614e-19	57	0.2111111111111111
sample3_431_1	sample3_431	herell_cluster.196/PDB:5M9F_B-ORF68;-Putative-receptor-binding-protein	1.6292586711754978e-15	2.47307023554265e-19	179	0.40224719101123596
sample3_92_5	sample3_92	VOG0704/PFAM:PF05657.10-tail-component	2.213961890598741e-15	3.3605978910120535e-19	92	0.7863247863247863
sample3_292_1	sample3_292	cdd_cluster.119/CDD:TIGR01537-Portal-protein	3.638624397819103e-15	5.523109286307078e-19	68	0.19825072886297376
sample3_202_1	sample3_202	mtp1_clust8/Uniprot:A0A0B4ZXN7_9CAUD-major-tail-protein	4.14296397653915e-15	6.288652059106178e-19	113	0.5485436893203883
sample3_27_4	sample3_27	baits_missed.44/UniProtKB:F8S0S2_9CAUD-tail-protein-	6.293104052215048e-15	9.552374092615434e-19	162	0.8481675392670157
sample3_9_9	sample3_9	mtp1_clust6/Uniprot:A0A0B4ZXN7_9CAUD-major-tail-protein	6.608894753053691e-15	1.0031716382898742e-18	152	0.6877828054298643
sample3_281_1	sample3_281	some_caudo_cluster.d242/PDB:3J9Q_C-sheath-tube	9.16848545274322e-15	1.3916948167491226e-18	305	0.7860824742268041
sample3_15_11	sample3_15	some_caudo_cluster.e33/PFAM:PF06152.10-minor-capsid-protein	1.027888100814736e-14	1.5602430188444688e-18	161	0.34549356223175964
sample3_174_2	sample3_174	VOG4554/UniProt:tr|R4JHS9_9CAUD-Putative-structural-protein-	1.1146773929520942e-14	1.6919814707833854e-18	310	0.7989690721649485
sample3_167_1	sample3_167	unclassified_dsDNA_phage_cluster.49/PFAM:PF13550.5-tail-protein	1.2212899368726122e-14	1.8538098616767033e-18	247	0.23019571295433364
sample3_140_2	sample3_140	ackermann_cluster.1/PDB:4OJL_C-Tailspike-protein	3.698914515990751e-14	5.614624341212434e-18	57	0.10815939278937381
sample3_346_2	sample3_346	VOG0204/PFAM:3JVO_G-Head-Tail-Connector-protein	4.9109951421665864e-14	7.454455285620198e-18	96	0.8275862068965517
sample3_140_1	sample3_140	ackermann_cluster.1/PDB:4OJL_C-Tailspike-protein	5.743935714917596e-14	8.718785238187e-18	356	0.6755218216318786
sample3_2_23	sample3_2	baits_missed.306/PDB:5A21_F-head-closure-knob	6.315969608888955e-14	9.587081980705761e-18	100	0.8771929824561403
sample3_26_10	sample3_26	some_caudo_cluster.c56/UniProtKB:F8SK26_9CAUD-Virion-structural-protein-	9.893434345955952e-14	1.501735632355184e-17	56	0.1206896551724138
sample3_235_1	sample3_235	baits_missed.109/UniProtKB:S0A4L9_9CAUD-Structural-protein-	1.0528345014509904e-13	1.5981094436110965e-17	202	0.1759581881533101
sample3_276_1	sample3_276	podo_cluster.132/PDB:3C9I_E-Tail-needle-protein	1.0564461922666773e-13	1.603591670107282e-17	100	0.3333333333333333
sample3_55_1	sample3_55	mtp1_clust3/Uniprot:I1VH10_9ACTN-major-tail-protein	4.705670619846823e-13	7.14279086194114e-17	91	0.3855932203389831
sample3_10_27	sample3_10	baits_missed.340/PDB:6B0X_d-capsid-scaffolding-protein	7.048732083721689e-13	1.06993504610226e-16	125	0.8012820512820513
sample3_39_15	sample3_39	VOG6417/PFAM:PF06056.11-Putative-ATPase-subunit-of-terminase	8.90974327984365e-13	1.3524200485494309e-16	50	0.7575757575757576
sample3_103_1	sample3_103	baits_missed.118/UniProtKB:R2PRN9_9ENTE-tail-tape-measure-protein-	8.98297932299264e-12	1.3635366306910505e-15	83	0.1102257636122178
sample3_298_3	sample3_298	some_caudo_cluster.c3/PFAM:PF03354.14-Large-Terminase	1.136487826733596e-11	1.7250877758554887e-15	109	0.19223985890652556
sample3_2_24	sample3_2	VOG1353/PFAM:PF05069.12-Virion-morphogenesis-family	1.7223180523447113e-11	2.6143261268134657e-15	144	0.9056603773584906
sample3_376_3	sample3_376	some_caudo_cluster.f221/PDB:5NXF_A-Long-tail-fiber	2.4673870730354442e-11	3.7452748528164e-15	86	0.16962524654832348
sample3_82_3	sample3_82	cdd_cluster.124/CDD:TIGR01543-phage-prohead-protease	2.7464739843303785e-11	4.168904044217332e-15	103	0.7103448275862069
sample3_1_26	sample3_1	podo_cluster.106/PFAM:PF11134.7-Phage-stabilisation-protein	4.3695849835722696e-11	6.632642658731436e-15	81	0.1354515050167224
sample3_191_1	sample3_191	tmp1_clust11/Uniprot:A0A0P9JG44_PSESX-tail-tape-measure-protein-	4.879354307082252e-11	7.406427302796376e-15	213	0.79182156133829
sample3_332_1	sample3_332	cdd_cluster.118/CDD:PHA03415-putative-internal-virion-protein;-	7.042689541590739e-11	1.0690178417715147e-14	277	0.2718351324828263
sample3_2_4	sample3_2	VOG10909/PDB:2FKK_A-Baseplate-protein-	8.170916169591795e-11	1.2402726426217055e-14	107	0.2972222222222222
sample3_10_19	sample3_10	some_caudo_cluster.g111/PFAM:PF12363.7-tail-assembly-chaperone-protein	1.0715562401490851e-10	1.6265273833471237e-14	78	0.7090909090909091
sample3_214_1	sample3_214	cdd_cluster.378/CDD:pfam07880-baseplate-like-protein	1.2510324858703835e-10	1.8989564144966355e-14	34	0.11929824561403508
sample3_82_2	sample3_82	some_caudo_cluster.f74/PFAM:PF04860.11-Portal-protein	1.3110691946550787e-10	1.9900868164163306e-14	213	0.5532467532467532
sample3_120_1	sample3_120	efam_XC_cluster_31661.1/PDB:5OE8_A-Large-Terminase	1.8920592696111462e-10	2.871978247740052e-14	28	0.15053763440860216
sample3_103_2	sample3_103	some_caudo_cluster.d150/PFAM:PF05709.10-tail-protein	3.3475707849217207e-10	5.081315702674136e-14	161	0.5227272727272727
sample3_7_19	sample3_7	unclassified_dsDNA_phage_cluster.276/PDB:1WRU_A-tail-protein	3.835512065895434e-10	5.821967313138181e-14	141	0.4171597633136095
sample3_6_53	sample3_6	efam_XC_cluster_01328.1/PDB:5OE8_A-Large-Terminase	3.86275331501563e-10	5.863317114474241e-14	145	0.4965753424657534
sample3_15_22	sample3_15	all_no_hit_virus1_cluster.297/PFAM:PF17388.1-Tail-assembly-protein	3.8815616350972484e-10	5.891866477075362e-14	88	0.3697478991596639
sample3_407_1	sample3_407	unclassified_dsDNA_phage_cluster.276/PDB:1WRU_A-tail-protein	4.462212285770496e-10	6.773242692426375e-14	184	0.5443786982248521
sample3_23_3	sample3_23	cdd_cluster.39/CDD:PHA00432-internal-virion-protein-	2.9692989106913497e-09	4.507132529889723e-13	114	0.8321167883211679
sample3_50_4	sample3_50	VOG4563/UniProt:tr|Q7Y4V5_BPR69-head-outer-capsid-protein-	3.1341477776852054e-09	4.757358496789929e-13	264	0.7135135135135136
sample3_122_2	sample3_122	some_caudo_cluster.f221/PDB:5NXF_A-Long-tail-fiber	4.149670946083778e-09	6.298832644328746e-13	72	0.14201183431952663
sample3_208_4	sample3_208	VOG1428/PFAM:PF10665.8-Minor-capsid-protein	4.942913972640786e-09	7.502905240802651e-13	60	0.45112781954887216
sample3_2_33	sample3_2	VOG1517/PDB:3P9A_H-Terminase-small-subunit	4.541447124707535e-08	6.893514154079439e-12	119	0.672316384180791
sample3_7_27	sample3_7	some_caudo_cluster.c86/PDB:2XGF_B-Tail-fiber-protein	4.859181926334732e-08	7.37580741702297e-12	106	0.19168173598553345
sample3_23_2	sample3_23	VOG4610/UniProt:tr|W6PP78_9CAUD-Predicted-internal-virion-protein-B-	7.058185666198425e-05	1.0713700161199794e-08	185	0.9635416666666666
sample3_35_4	sample3_35	cdd_cluster.27/CDD:PHA00025-major-coat-protein	0.0005562601247274615	8.443535590884358e-08	69	0.9078947368421053
sample3_12_26	sample3_12	baits_missed.203/PFAM:PF16778.4-Tail-assembly-chaperone	0.0011590663798961463	1.7593600180572955e-07	77	0.8279569892473119
